SKU,Short Description,Carton Len (in),Carton Wid (in),Carton Hgt (in),Carton Weight (lb)
2001-H,Thor Stool Hardware,6.0,3.0,2.0,1.0
2002-H,Jaden Dining Chair Hardware,6.0,3.0,2.0,2.0
2003-H,Jaden Counter Stool Hardware,6.0,3.0,2.0,2.0
3100-H,Thor Night Stand Hardware,4.0,4.0,4.0,2.0
3102-H,Apollo Curved Edges Night Stand Hardware,0.0,0.0,0.0,0.0
3103-H,Loki Night Stand Hardware,0.0,0.0,0.0,0.0
4002-B,Top Extension Leaf for Replacement,36.0,16.0,3.0,17.0
4002-H,"62""-90 "" Extension Dining Table Hardware",4.0,4.0,4.0,2.0
4003-H,"68"" Solid Wood Dining Table Hardware",0.0,0.0,0.0,0.0
4801-H,Diamons Dining Table Leg Hardware,4.0,4.0,4.0,2.0
6001-H,Arched Door Display Unit Hardware,0.0,0.0,0.0,0.0
6002-H,Wall Shell Hardware,0.0,0.0,0.0,0.0
6004-H,5 Tier Bookcase With Drawer - Hardware,0.0,0.0,0.0,0.0
7002-H,Arched Door Storage Cabinet Hardware,0.0,0.0,0.0,0.0
7003-H,Curved Edges Storage Cabinet Hardware,0.0,0.0,0.0,0.0
7004,0.0,0.0,0.0,0.0,
9001-G,Nesto Bed Replacement - Part A - 2 Side Rails Light Oak,0.0,0.0,0.0,0.0
9001-H,Nesto Bed Hardware,0.0,0.0,0.0,0.0
9001-Leg,Nesto Bed Replacement - Part H - 4 pcs of legs,0.0,0.0,0.0,0.0
9003-G,Nesto Bed Replacement - Part A - 2 Side Rails Walnut,0.0,0.0,0.0,0.0
9006-G,Nesto Bed Replacement - Part A - 2 Side Rails Mahogany,0.0,0.0,0.0,0.0
9010-A,Thor Bed Replacement - Part A - Legs - Light Brown,17.0,9.0,9.0,0.0
9010-C,Thor Bed Replacement - Part C - King/Queen/Twin XL Side Rail - Light Oak,88.0,6.0,5.0,0.0
9010-D,Thor Bed Replacement - Part D - King/Queen/Twin XL Side Rail - Light Oak,0.0,0.0,0.0,0.0
9010-E,Thor Bed Replacement - Part E - Support Legs - Light Oak,0.0,0.0,0.0,0.0
9010-H,Thor Bed Hardware - Light Oak,4.0,4.0,4.0,2.0
9011-A,Thor Bed Replacement - Part A - Legs - Black,17.0,9.0,9.0,0.0
9011-C,Thor Bed Replacement - Part C - King/Queen/Twin XL - Side Rail - Mid-night Charcoal,0.0,0.0,0.0,0.0
9011-E,Thor Bed Replacement - Part E - Support Legs - Mid-Night Charcoal,0.0,0.0,0.0,0.0
9011-H,Thor Bed Hardware - Black,4.0,4.0,4.0,2.0
9012-A,Thor Bed Replacement - Part A - Legs - Light Brown,17.0,9.0,9.0,0.0
9012-C,Thor Bed Replacement - Part C - Side Rail - King/Queen/Twin XL - Light Brown,0.0,0.0,0.0,0.0
9012-E,Thor Bed Replacement - Part E - Support Legs - Light Brown,0.0,0.0,0.0,0.0
9012-H,Thor Bed Hardware - Light Brown,4.0,4.0,4.0,2.0
9013-A,Thor Bed Replacement - Part A - Legs - Walnut,17.0,9.0,9.0,0.0
9013-C,Thor Bed Replacement - Part C - King/Queen/Twin XL - Side Rail - Walnut,0.0,0.0,0.0,0.0
9013-E,Thor Bed Replacement - Part E - Support Legs (3 pcs) - Walnut,0.0,0.0,0.0,0.0
9013-H,Thor Bed Hardware- Dark Walnut,0.0,0.0,0.0,0.0
9016-A,Thor Bed Replacement - Part A - Legs - Mahogany,0.0,0.0,0.0,0.0
9016-C,Thor Bed Replacement - Part C - King/Queen/Twin XL - Side Rail - Mahogany,0.0,0.0,0.0,0.0
9016-E,Thor Bed Replacement - Part E - Support Legs (3 pcs) - Mahogany,0.0,0.0,0.0,0.0
9016-H,Thor Bed Hardware- Mahogany,0.0,0.0,0.0,0.0
9020-G,Loki Bed Replacement - Part G - Support Legs (3 pcs) - Light Oak,0.0,0.0,0.0,0.0
9020-H,Mid-Century Hardware - King and Queen Size,0.0,0.0,0.0,0.0
9020-Leg,Loki Bed Replacement - Part H - Legs (4 pcs) - Light Oak,0.0,0.0,0.0,0.0
9022-H,Loki Bed Replacement - Full Size,0.0,0.0,0.0,0.0
9023-G,Loki Bed Replacement - Part G - Support Legs (3 pcs) - Walnut,0.0,0.0,0.0,0.0
9023-H,Loki Bed Replacement - Twin Size,0.0,0.0,0.0,0.0
9023-Leg,Loki Bed Replacement - Part H - Legs (4 pcs) - Walnut,0.0,0.0,0.0,0.0
9024-G,Loki Bed Replacement - Part G - Support Legs (3 pcs) - Espresso,0.0,0.0,0.0,0.0
9024-Leg,Loki Bed Replacement - Part H - Legs (4 pcs) - Espresso,0.0,0.0,0.0,0.0
9030-H,Apollo Bed - Hardwares,0.0,0.0,0.0,0.0
9030-S,Universal Slat Set - King Size,80.0,7.0,6.0,38.0
9031-S,Universal Slat Set - Queen Size,64.0,7.0,6.0,30.0
9070-A,Noah Bed Replacement - Part A - Legs - Light Oak,20.0,8.0,8.0,14.0
9070-C,Noah Bed Replacement - Part C - King/Queen/Twin XL Side Rail - Light Oak,0.0,0.0,0.0,0.0
9070-E,Bed Replacement - 285 Support Legs - Light Oak,0.0,0.0,0.0,0.0
9070-H,Noah Bed - Hardware - Light Oak,0.0,0.0,0.0,0.0
9071-A,Noah Bed Replacement - Part A - Legs - Midnight Charcoal,20.0,8.0,8.0,14.0
9071-C,Noah Bed Replacement - Part C - King/Queen/Twin XL Side Rail - Midnight Charcoal,0.0,0.0,0.0,0.0
9071-E,Bed Replacement - 286 Support Legs - Midnight Charcoal,14.0,4.0,4.0,7.0
9071-H,Noah Bed - Hardware - Midnight Charcoal,0.0,0.0,0.0,0.0
9073-A,Noah Bed Replacement - Part A - Legs - Walnut,20.0,8.0,8.0,14.0
9073-C,Noah Bed Replacement - Part C - King/Queen/Twin XL Side Rail - Walnut,0.0,0.0,0.0,0.0
9073-E,Bed Replacement - 285 Support Legs - Walnut,0.0,0.0,0.0,0.0
9073-H,Noah Bed - Hardware - Walnut,0.0,0.0,0.0,0.0
9080-A,Noah Bed 908 Replacement - Part A - Legs - Light Oak,0.0,0.0,0.0,0.0
9080-C,Noah Bed Replacement - Part C - King/Queen/Twin XL Side Rail - Light Oak,0.0,0.0,0.0,0.0
9080-H,Noah Bed - Hardware - Light Oak,0.0,0.0,0.0,0.0
9083-A,Noah Bed 908 Replacement - Part A - Legs - Walnut,0.0,0.0,0.0,0.0
9083-C,Noah Bed Replacement - Part C - King/Queen/Twin XL Side Rail - Walnut,0.0,0.0,0.0,0.0
9083-H,Noah Bed - Hardware - Walnut,0.0,0.0,0.0,0.0
9084-A,Noah Bed 908 Replacement - Part A - Legs - Espresso,0.0,0.0,0.0,0.0
9084-C,Noah Bed Replacement - Part C - King/Queen/Twin XL Side Rail - Espresso,0.0,0.0,0.0,0.0
9084-H,Noah Bed - Hardware - Espresso,0.0,0.0,0.0,0.0
20200-H,Swivel Counter Stool Hardware - Walnut,0.0,0.0,0.0,0.0
20201-H,Swivel Counter Stool Hardware - Light Oak,0.0,0.0,0.0,0.0
31021-H,Apollo Nightstand - Hardware - Midnight Charcoal,0.0,0.0,0.0,0.0
70031-H,Apollo Cabinet - Hardware - Midnight Charcoal,0.0,0.0,0.0,0.0
70033-H,0.0,0.0,0.0,0.0,
90200-A,Loki Bed Replacement - Part A - King Headboard Set - Light Oak,0.0,0.0,0.0,0.0
90203-A,Loki Bed Replacement - Part A - King Headboard Set - Walnut,0.0,0.0,0.0,0.0
90204-A,Loki Bed Replacement - Part A - King Headboard Set - Espresso,0.0,0.0,0.0,0.0
90210-A,Loki Bed Replacement - Part A - Queen Headboard Set - Light Oak,0.0,0.0,0.0,0.0
90213-A,Loki Bed Replacement - Part A - Queen Headboard Set - Walnut,0.0,0.0,0.0,0.0
90214-A,Loki Bed Replacement - Part A - Queen Headboard Set - Esspresso,0.0,0.0,0.0,0.0
90220-A,Loki Bed Replacement - Part A - Full Headboard Set - Light Oak,0.0,0.0,0.0,0.0
90223-A,Loki Bed Replacement - Part A - Full Headboard Set - Walnut,0.0,0.0,0.0,0.0
90224-A,Loki Bed Replacement - Part A - Full Headboard Set - Espresso,0.0,0.0,0.0,0.0
90230-A,Loki Bed Replacement - Part A - Twin XL Headboard Set - Light Oak,0.0,0.0,0.0,0.0
90233-A,Loki Bed Replacement - Part A - Twin XL Headboard Set - Walnut,0.0,0.0,0.0,0.0
90234-A,Loki Bed Replacement - Part A - Twin XL Headboard Set - Espresso,0.0,0.0,0.0,0.0
200100,Thor Stool,26.0,17.0,6.0,15.0
200100-3,Thor Stool - Light Oak - Set of 3,0.0,0.0,0.0,0.0
200100-4,Thor Stool - Light Oak - Set of 4,0.0,0.0,0.0,0.0
200102,Thor Stool 2 PC pack,26.0,17.0,12.0,28.0
200110,Thor Stool,26.0,17.0,6.0,15.0
200110-3,Thor Stool - Midnight Charcoal - Set of 3,0.0,0.0,0.0,0.0
200110-4,Thor Stool - Midnight Charcoal - Set of 4,0.0,0.0,0.0,0.0
200112,Thor Stool 2 PC pack,26.0,17.0,12.0,28.0
200120,Thor Stool,26.0,17.0,6.0,15.0
200120-3,Thor Stool - Light Brown - Set of 3,0.0,0.0,0.0,0.0
200120-4,Thor Stool - Light Brown - Set of 4,0.0,0.0,0.0,0.0
200122,Thor Stool 2 PC pack,26.0,17.0,12.0,28.0
200202,Jaden Dining Chair - 2 PC,39.0,23.0,14.0,26.0
200220,Jayden Dining Chair,40.0,23.0,9.0,22.0
200222,Jayden Dining Chair - 2 PC,41.0,23.0,13.0,41.0
200302,Jaden Counter Stool - 2 PC,42.0,23.0,14.0,41.0
200320,Jayden Counter Stool,42.0,23.0,9.0,26.0
200322,Jayden Counter Stool - 2 PC,42.0,23.0,14.0,47.0
200402,Jaden Barstool,47.0,23.0,14.0,42.0
200420,Jayden Barstool,47.0,23.0,9.0,25.0
200422,Jayden Barstool 2 PC,47.0,23.0,14.0,50.0
200500,Barstool,0.0,0.0,0.0,0.0
200600,Jandi Dinning Chair,0.0,0.0,0.0,0.0
201100,Bali Dining Chair,40.0,23.0,9.0,22.0
201102,Bali Dining Chair - 2PC,0.0,0.0,0.0,0.0
201200,Bali Counter Chair,42.0,23.0,9.0,26.0
201300,Bali Barstool,47.0,23.0,9.0,25.0
202000,Swivel Counter Stool,27.0,26.0,6.0,17.0
202000-3,Swivel Counter Stool - Walnut - Set of 3,0.0,0.0,0.0,0.0
202000-4,Swivel Counter Stool - Walnut - Set of 4,0.0,0.0,0.0,0.0
202002,Swivel Counter Stool - 2 PC,27.0,26.0,10.0,31.0
202010,Swivel Counter Stool,27.0,26.0,6.0,17.0
202010-3,Swivel Counter Stool - Light Oak - Set of 4,0.0,0.0,0.0,0.0
202010-4,Swivel Counter Stool - Light Oak - Set of 4,0.0,0.0,0.0,0.0
202012,Swivel Counter Stool - 2 PC,27.0,26.0,10.0,31.0
310000,Thor Nightstand,26.0,19.0,13.0,39.0
310010,Thor Nightstand,26.0,19.0,13.0,39.0
310020,Thor Nightstand,26.0,19.0,13.0,39.0
310030,Thor Nightstand,26.0,19.0,13.0,39.0
310040,Thor Nightstand,26.0,19.0,13.0,39.0
310200,Apollo Nightstand,28.0,21.0,13.0,58.0
310210,Apollo Nightstand,28.0,21.0,13.0,58.0
310230,Apollo Nightstand,28.0,21.0,13.0,58.0
310240,Apollo Nightstand,28.0,21.0,13.0,58.0
310300,Loki Side Table,26.0,19.0,14.0,31.0
310330,Loki Side Table,26.0,19.0,14.0,44.0
310340,Loki Side Table,26.0,19.0,14.0,44.0
310420,Side Table,26.0,19.0,14.0,44.0
400100,Dining Table,41.0,37.0,8.0,42.0
400200,"62""-90"" Solid Wood Extension Dining Table",66.0,20.0,9.0,128.0
400200-5JA,"5PC - 62""-90"" Solid Wood Extension Dining Table Set",0.0,0.0,0.0,0.0
400200-7JA,"7PC - 62""-90"" Solid Wood Extension Dining Table Set",0.0,0.0,0.0,0.0
400200-9JA,"9PC - 62""-90"" Solid Wood Extension Dining Table Set",0.0,0.0,0.0,0.0
400320,"60"" - 85"""" Solid Wood Dining Table",64.0,20.0,11.0,106.0
400330,64.0,20.0,11.0,106.0,
400500,X Cross Legs Solid Wood Dining Table,68.0,21.0,10.0,132.0
410300,Solid Wooden Workbench 48'' with 1 drawers,67.0,23.0,8.0,60.0
410400,"Solid Wooden Workbench 60"" with 4 drawers",77.0,29.0,8.0,130.0
480100,Diamons Dining Table Leg - Set of 4,33.0,14.0,8.0,36.0
480200,Spade Dining Table Leg - Set of 4,34.0,12.0,11.0,33.0
480200-1A1,"48""x30"" Dining Table With Metal Legs - Natural Finish",0.0,0.0,0.0,0.0
480200-1A2,"48""x30"" Dining Table With Metal Legs - Light Brown Finish",0.0,0.0,0.0,0.0
480200-1B1,"60""x30"" Dining Table With Metal Legs - Natural Finish",0.0,0.0,0.0,0.0
480200-1B2,"60""x30"" Dining Table With Metal Legs - Light Brown Finish",0.0,0.0,0.0,0.0
480200-1C1,"60""x36"" Dining Table With Metal Legs - Natural Finish",0.0,0.0,0.0,0.0
480200-1C2,"60""x36"" Dining Table With Metal Legs - Light Brown Finish",0.0,0.0,0.0,0.0
480300,T Shaped Metal Brackets - Set of 2,14.0,10.0,5.0,9.0
480400,L Shaped Metal Brackets - Set of 2,14.0,10.0,5.0,9.0
480500,Triangle Shaped Metal Brackets - Set of 2,14.0,10.0,5.0,9.0
600100,Modern Mid-Century Arched Door Display Unit with Storage Cabinet,64.0,21.0,12.0,92.0
600110,Modern Mid-Century Arched Door Display Unit with Storage Cabinet,64.0,21.0,12.0,82.0
600200,Solid Wood Floating Wall Shelves,36.0,11.0,5.0,22.0
600202,Solid Wood Floating Wall Shelves - Set of 2,36.0,11.0,9.0,38.0
600230,Solid Wood Floating Wall Shelves,36.0,11.0,5.0,22.0
600232,Solid Wood Floating Wall Shelves - Set of 2,36.0,11.0,9.0,38.0
600300,Solid Wood Corner Floating Wall Shelves,36.0,20.0,5.0,42.0
600420,5 Tier Bookcase With Drawer,43.0,15.0,14.0,62.0
600430,5 Tier Bookcase With Drawer,43.0,15.0,14.0,62.0
700100,Thor Storage Cabinet,35.0,19.0,11.0,64.0
700200,Mid-Century Modern Arched Door Storage Cabinet,37.0,20.0,12.0,80.0
700200-2,Mid-Century Modern Arched Door Storage Cabinet,0.0,0.0,0.0,0.0
700200-3,Mid-Century Modern Arched Door Storage Cabinet,0.0,0.0,0.0,0.0
700200-4,Mid-Century Modern Arched Door Storage Cabinet,0.0,0.0,0.0,0.0
700210,Mid-Century Modern Arched Door Storage Cabinet,37.0,20.0,12.0,81.0
700210-2,Mid-Century Modern Arched Door Storage Cabinet,0.0,0.0,0.0,0.0
700210-3,Mid-Century Modern Arched Door Storage Cabinet,0.0,0.0,0.0,0.0
700210-4,Mid-Century Modern Arched Door Storage Cabinet,0.0,0.0,0.0,0.0
700300,Apollo Accent Cabinet,40.0,21.0,15.0,77.0
700300-2,Apollo Accent Cabinet,40.0,21.0,15.0,77.0
700300-3,Apollo Accent Cabinet,40.0,21.0,15.0,77.0
700300-4,Apolos Accent Cabinet,40.0,21.0,15.0,77.0
700310,Apollo Accent Cabinet,40.0,21.0,15.0,77.0
700330,Apollo Accent Cabinet,40.0,21.0,15.0,77.0
700400,35.0,19.0,16.0,81.0,
700430,Fluted Storarge Cabinet with Drawer,35.0,19.0,16.0,81.0
700500,4 Doors Storage Cabinet,71.0,19.0,38.0,161.0
700600,4 Doors TV Stand,78.0,23.0,25.0,161.0
750300,"30"" Arched Pluming Vanity",0.0,0.0,0.0,0.0
750360,"36"" Arched Pluming Vanity",0.0,0.0,0.0,0.0
751310,Ann 36″ White Vanity,41.0,26.0,39.0,198.0
751410,Ann 48″ White Vanity,49.0,22.0,34.0,275.0
751610,Ann 60″ White Vanity,61.0,22.0,34.0,306.0
752310,"Athena Fluted 36"" Oak Vanity",41.0,26.0,39.0,198.0
752410,"Athena Fluted 48"" Oak Vanity",53.0,26.0,39.0,275.0
752610,"Athena Fluted 60"" Oak Vanity",65.0,26.0,39.0,306.0
752620,"Athena Fluted 60"" Oak Vanity",65.0,26.0,39.0,306.0
753820,64.0,26.0,39.0,306.0,
754820,64.0,26.0,39.0,306.0,
755810,64.0,26.0,39.0,306.0,
756820,64.0,26.0,39.0,306.0,
757410,40.0,26.0,18.0,198.0,
758310,30 Burl Vanity,34.0,26.0,23.0,198.0
759600,Vanity With Open Shelf,64.0,26.0,39.0,306.0
811250,"Hevea Butcher Block Counter Top - 10'x25""",0.0,0.0,0.0,0.0
812120,2 ft Hevea Wood Floating Shelf - Unfinished,26.0,14.0,3.0,0.0
812121,2 ft Hevea Wood Floating Shelf - Natural Finished,26.0,14.0,3.0,0.0
812122,2 ft Hevea Wood Floating Shelf - Natural Finished,26.0,14.0,3.0,0.0
812250,"Hevea Butcher Block Counter Top - 2FTx25""",26.0,26.0,3.0,31.0
812250-B,12Ft Unfinished Hevea Butcher Block Counter Top,0.0,0.0,0.0,0.0
812501,"Hevea Butcher Block Counter Top - 2ftx25""x1.5""",28.0,26.0,3.0,31.0
812502,"Hevea Butcher Block Counter Top - 2ftx25""x1.5""",28.0,26.0,3.0,31.0
812503,"Hevea Butcher Block Counter Top - 2ftx25""x1.5""",28.0,26.0,3.0,31.0
812511,"Hevea Butcher Block Counter Top -
 25""x25""x1""",28.0,26.0,3.0,22.0
812512,"Hevea Butcher Block Counter Top - 25""x25""x1""",28.0,26.0,3.0,22.0
812513,"Hevea Butcher Block Counter Top - 25""x25""x1""",28.0,26.0,3.0,22.0
812800,"Hevea Butcher Block Counter Top - 28""x28""x1.5""",32.0,32.0,3.0,38.0
812810,"Hevea Butcher Block Counter Top - 28""x28""x1""",32.0,32.0,3.0,38.0
813120,3 ft Hevea Wood Floating Shelf - Unfinished,38.0,14.0,3.0,0.0
813121,3 ft Hevea Wood Floating Shelf - Natural Finished,38.0,14.0,3.0,0.0
813122,3 ft Hevea Wood Floating Shelf - Natural Finished,38.0,14.0,3.0,0.0
813250,"Hevea Butcher Block Counter Top - 3Ftx25""x1.5""",38.0,27.0,3.0,40.0
813251,"Hevea Butcher Block Counter Top - 3Ftx25""x1.5""",38.0,27.0,3.0,40.0
813252,"Hevea Butcher Block Counter Top - 3Ftx25""x1.5""",38.0,27.0,3.0,40.0
813253,"Hevea Butcher Block Counter Top - 3Ftx25""x1.5""",38.0,27.0,3.0,40.0
814040-B,Hevea Backplash 4',0.0,0.0,0.0,0.0
814120,4 ft Hevea Wood Floating Shelf - Unfinished,50.0,14.0,3.0,0.0
814121,4 ft Hevea Wood Floating Shelf - Natural Finished,50.0,14.0,3.0,0.0
814122,4 ft Hevea Wood Floating Shelf - Natural Finished,50.0,14.0,3.0,0.0
814211,"Hevea Butcher Block Counter Top - 4'x25""x1""",51.0,28.0,3.0,36.0
814212,"Hevea Butcher Block Counter Top - 4'x25""x1""",51.0,28.0,3.0,36.0
814213,"Hevea Butcher Block Counter Top - 4'x25""x1""",51.0,28.0,3.0,36.0
814250,"Hevea Butcher Block Counter Top - 4'x25""",50.0,27.0,3.0,69.0
814250-B,4Ft Unfinished Hevea Butcher Block Counter Top,0.0,0.0,0.0,53.0
814251,"Hevea Butcher Block Counter Top - 4Ftx25""x1.5""",51.0,28.0,3.0,53.0
814252,"Hevea Butcher Block Counter Top - 4Ftx25""x1.5""",51.0,28.0,3.0,53.0
814253,"Hevea Butcher Block Counter Top - 4Ftx25""x1.5""",51.0,28.0,3.0,53.0
814300,"Hevea Butcher Block Counter Top - 4'x30""",51.0,33.0,4.0,59.0
814301,"Hevea Butcher Block Counter Top - 4'x30""",51.0,33.0,4.0,59.0
814302,"Hevea Butcher Block Counter Top - 4'x30""",51.0,33.0,4.0,58.0
814303,"Hevea Butcher Block Counter Top - 4Ftx30""x1.5""",51.0,33.0,4.0,58.0
814311,"Hevea Butcher Block Counter Top - 4'x30""x1""",51.0,33.0,3.0,44.0
814312,"Hevea Butcher Block Counter Top - 4'x30""x1""",51.0,33.0,3.0,44.0
814313,"Hevea Butcher Block Counter Top - 4'x30""x1""",51.0,33.0,3.0,44.0
814360,"Hevea Butcher Block Counter Top - 4'x36""x1.5""",51.0,39.0,4.0,73.0
814361,"Hevea Butcher Block Counter Top - 4'x36""x1.5""",51.0,39.0,4.0,73.0
814362,"Hevea Butcher Block Counter Top - 4'x36""x1.5""",51.0,39.0,4.0,73.0
814363,"Hevea Butcher Block Counter Top - 4'x36""x1.5""",51.0,39.0,4.0,73.0
815211,"Hevea Butcher Block Counter Top - 5'x25""x1""",63.0,27.0,3.0,49.0
815212,"Hevea Butcher Block Counter Top - 5'x25""x1""",63.0,27.0,3.0,49.0
815213,"Hevea Butcher Block Counter Top - 5'x25""x1""",63.0,27.0,3.0,49.0
815250,"Hevea Butcher Block Counter Top - 5'x25""",63.0,27.0,3.0,80.0
815252,"Hevea Butcher Block Counter Top - 5Ftx25""x1.5""",63.0,27.0,3.0,80.0
815253,"Hevea Butcher Block Counter Top - 5Ftx25""x1.5""",63.0,27.0,3.0,80.0
815300,"Hevea Butcher Block Counter Top - 5ftx30""x1.5""",63.0,33.0,4.0,74.0
815301,"Hevea Butcher Block Counter Top - 5'x30""",63.0,33.0,4.0,80.0
815301-2,"5'x30"" Solid wood dining table with metal legs",0.0,0.0,0.0,0.0
815302,"Hevea Butcher Block Counter Top - 5'x30""",63.0,33.0,4.0,80.0
815302-2,"5'x30"" Solid wood dining table with metal legs",0.0,0.0,0.0,0.0
815303,"Hevea Butcher Block Counter Top - 5Ftx30""x1.5""",63.0,33.0,4.0,80.0
815311,"Hevea Butcher Block Counter Top - 5'x30""x1""",63.0,33.0,4.0,80.0
815312,"Hevea Butcher Block Counter Top - 5'x30""x1""",63.0,33.0,4.0,80.0
815313,"Hevea Butcher Block Counter Top - 5'x30""x1""",63.0,33.0,4.0,80.0
815360,"Hevea Butcher Block Counter Top - 5Ftx36""x1.5""",63.0,39.0,4.0,90.0
815360-B,"5Ftx36"" Unfinished Hevea Butcher Block Island Top",0.0,0.0,0.0,0.0
815361,"Hevea Butcher Block Counter Top - 5'x36""",64.0,39.0,4.0,88.0
815361-2,5 ft Solid wood dining table with metal legs,64.0,40.0,4.0,90.0
815362,"Hevea Butcher Block Counter Top - 5'x36""",64.0,39.0,4.0,86.0
815362-2,5 ft Solid wood dining table with metal legs,64.0,40.0,4.0,90.0
816040,6 Ft Hevea Backsplash,73.0,6.0,2.0,18.0
816040-B,Hevea Backplash 6',0.0,0.0,0.0,0.0
816120,6 ft Hevea Wood Shelf - Unfinished,73.0,14.0,3.0,44.0
816122,6 ft Hevea Wood Shelf - Unfinished,73.0,14.0,3.0,44.0
816250,"Hevea Butcher Block Counter Top - 6Ftx25""x1.5""",73.0,27.0,3.0,91.0
816250-B,6Ft Unfinished Hevea Butcher Block Counter Top,0.0,0.0,0.0,0.0
816300,"Hevea Butcher Block Counter Top - 6'x30""x1.5""",73.0,33.0,4.0,88.0
816301,"Hevea Butcher Block Counter Top - 6'x30""x1.5""",73.0,33.0,4.0,88.0
816303,"Hevea Butcher Block Counter Top - 6'x30""x1.5""",73.0,33.0,4.0,88.0
816360,"Hevea Butcher Block Counter Top - 6'x36""",73.0,40.0,4.0,115.0
816361,"Hevea Butcher Block Counter Top - 6'x36""",73.0,40.0,4.0,115.0
816362,"Hevea Butcher Block Counter Top - 6'x36""",73.0,40.0,4.0,115.0
816390,"Hevea Butcher Block Counter Top - 6'x39""",74.0,41.0,4.0,140.0
816390-B,6Ftx39 In Unfinished Hevea Butcher Block Island Top,0.0,0.0,0.0,0.0
816391,"Hevea Butcher Block Counter Top - 6'x39""",0.0,0.0,0.0,0.0
816392,"Hevea Butcher Block Counter Top - 6'x39""",74.0,41.0,4.0,140.0
816392-2,6 ft Solid wood dining table with metal legs,0.0,0.0,0.0,0.0
818040,8 Ft Hevea Backsplash,97.0,6.0,2.0,22.0
818120,8 ft Hevea Wood Shelf - Unfinished,97.0,14.0,3.0,58.0
818122,8 ft Hevea Wood Shelf - Unfinished,97.0,14.0,3.0,58.0
818250,"Hevea Butcher Block Counter Top - 8'x25""",97.0,27.0,3.0,124.0
818250-B,8Ft Unfinished Hevea Butcher Block Counter Top,0.0,0.0,0.0,0.0
818390-B,"8Ftx39"" Unfinished Hevea Butcher Block Island Top",0.0,0.0,0.0,0.0
821250,"Birch Butcher Block Counter Top - 10'x25""",0.0,0.0,0.0,0.0
822250,"Birch Butcher Block Counter Top - 2'x25""",0.0,0.0,0.0,0.0
823250,"Birch Butcher Block Counter Top - 3'x25""",38.0,27.0,3.0,54.0
824250,"Birch Butcher Block Counter Top - 4'x25""",50.0,27.0,3.0,69.0
824250-B,4Ft Unfinished Birch Butcher Block Counter Top,0.0,0.0,0.0,0.0
824300,"Birch Butcher Block Counter Top - 4'x30""",51.0,33.0,4.0,58.0
825250,"Birch Butcher Block Counter Top - 5'x25""",63.0,27.0,3.0,80.0
825360,"Birch Butcher Block Counter Top - 5'x36""",63.0,39.0,4.0,90.0
826120,6 ft Birch Butcher Block Wood Shelf - Unfinished,73.0,14.0,3.0,44.0
826250,"Birch Butcher Block Counter Top - 6'x25""",73.0,27.0,3.0,91.0
826250-B,6Ft Unfinished Birch Butcher Block Counter Top,0.0,0.0,0.0,0.0
826252,0.0,0.0,0.0,0.0,
826390,"Birch Butcher Block Counter Top - 6'x39""",0.0,0.0,0.0,0.0
828040,Birch Butcher Block Backsplash 8',0.0,0.0,0.0,0.0
828120,8 ft Birch Butcher Block Wood Shelf - Unfinished,97.0,14.0,3.0,58.0
828250,"Birch Butcher Block Counter Top - 8'x25""",0.0,0.0,0.0,0.0
828250-B,8Ft Unfinished Birch Butcher Block Counter Top,0.0,0.0,0.0,0.0
830250-B,10FTx25 In Unfinished Acacia Butcher Block Counter Top,0.0,0.0,0.0,0.0
831250,"Acacia Butcher Block Counter Top - 10'x25""",0.0,0.0,0.0,0.0
832221,"Acacia Butcher Block Counter Top - 25'x25""x1""",0.0,0.0,0.0,0.0
832222,"Acacia Butcher Block Counter Top - 2'x25""x1""",0.0,0.0,0.0,0.0
832250,"Acacia Butcher Block Counter Top - 2'x25""x1.5""",30.0,29.0,4.0,25.0
832250-B,12FTx25 In Unfinished Acacia Butcher Block Counter Top,0.0,0.0,0.0,0.0
832251,"Acacia Butcher Block Counter Top - 2'x25""x1.5""",30.0,29.0,4.0,25.0
832252,"Acacia Butcher Block Counter Top - 2'x25""x1.5""",30.0,29.0,4.0,25.0
832800,"Acacia Butcher Block Counter Top - 28""x28""x1.5""",32.0,32.0,3.0,36.0
832810,"Acacia Butcher Block Counter Top - 28""x28""x1""",32.0,32.0,3.0,25.0
833250,"Acacia Butcher Block Counter Top - 3'x25""x1.5""",40.0,29.0,4.0,54.0
833251,"Acacia Butcher Block Counter Top - 3'x25""x1.5""",40.0,29.0,4.0,54.0
833252,"Acacia Butcher Block Counter Top - 3'x25""x1.5""",40.0,29.0,4.0,54.0
834211,"Acacia Butcher Block Counter Top - 4'x25""x1""",50.0,27.0,3.0,0.0
834212,"Acacia Butcher Block Counter Top - 4'x25""x1""",50.0,27.0,3.0,0.0
834250,"Acacia Butcher Block Counter Top - 4'x25""x1.5",50.0,27.0,3.0,69.0
834251,"Acacia Butcher Block Counter Top - 4'x25""x1.5",50.0,27.0,3.0,69.0
834252,"Acacia Butcher Block Counter Top - 4'x25""x1.5",50.0,27.0,3.0,69.0
834300,"Acacia Butcher Block Counter Top - 4'x30""x1.5""",50.0,33.0,4.0,59.0
834301,"Acacia Butcher Block Counter Top - 4'x30""x1.5""",50.0,33.0,4.0,59.0
834302,"Acacia Butcher Block Counter Top - 4'x30""x1.5""",50.0,33.0,4.0,59.0
834311,"Acacia Butcher Block Counter Top - 4'x30""x1""",50.0,0.0,0.0,0.0
834312,"Acacia Butcher Block Counter Top - 4'x30""x1""",50.0,0.0,0.0,0.0
835211,"Acacia Butcher Block Counter Top - 5'x25""x1""",63.0,0.0,0.0,0.0
835212,"Acacia Butcher Block Counter Top - 5'x25""x1""",63.0,0.0,0.0,0.0
835250,"Acacia Butcher Block Counter Top - 5'x25""",63.0,27.0,3.0,80.0
835300,"Acacia Butcher Block Counter Top - 5ftx30""x1.5""",63.0,33.0,4.0,80.0
835301,"Acacia Butcher Block Counter Top - 5ftx30""x1.5""",63.0,33.0,4.0,80.0
835302,"Acacia Butcher Block Counter Top - 5ftx30""x1.5""",63.0,33.0,4.0,80.0
835311,"Acacia Butcher Block Counter Top - 5'x30""x1""",63.0,33.0,0.0,0.0
835312,"Acacia Butcher Block Counter Top - 5'x30""x1""",63.0,33.0,0.0,0.0
835360,"Acacia Butcher Block Counter Top - 5Ftx36""x1.5""",63.0,39.0,4.0,90.0
835361,"Acacia Butcher Block Counter Top - 5Ftx36""x1.5""",63.0,39.0,4.0,90.0
835362,"Acacia Butcher Block Counter Top - 5Ftx36""x1.5""",63.0,39.0,4.0,90.0
836250,"Acacia Butcher Block Counter Top - 6Ftx25""x1.5""",73.0,27.0,3.0,91.0
836251,"Acacia Butcher Block Counter Top - 6Ftx25""x1.5""",73.0,27.0,3.0,91.0
836252,"Acacia Butcher Block Counter Top - 6Ftx25""x1.5""",73.0,27.0,3.0,91.0
836390,"Acacia Butcher Block Counter Top - 6'x39""",74.0,41.0,4.0,127.0
836390-B,"6FTx39"" Unfinished Acacia Butcher Block Island Top",0.0,0.0,0.0,0.0
838040,Acacia Butcher Block Backsplash,0.0,0.0,0.0,0.0
838250,"Acacia Butcher Block Counter Top - 8'x25""",97.0,27.0,3.0,112.0
838250-B,8FTx25 In Unfinished Acacia Butcher Block Counter Top,0.0,0.0,0.0,0.0
838390-B,"8FTx39"" Unfinished Acacia Butcher Block Island Top",0.0,0.0,0.0,0.0
844251,Saman - 4Ft x 25in x 1.5in - Double Straight Edges,50.0,33.0,4.0,59.0
844300,Saman - 4Ftx30inx1.5in - Double Live Edge,51.0,33.0,3.0,62.0
844301,Saman - 4Ft x 30in x 1.5in - Double Live Edges,51.0,33.0,3.0,62.0
844360,Saman - 4Ftx36inx1.5in - Double Live Edge,51.0,39.0,4.0,71.0
844361,Saman - 4Ftx36inx1.5in - Double Live Edge,51.0,39.0,4.0,71.0
845251,Saman - 5Ft x 25in x 1.5in - Double Straight Edges,63.0,27.0,4.0,66.0
845300,Saman - 5Ftx30inx1.5in - Double Live Edge,63.0,33.0,4.0,75.0
845301,Saman - 5Ft x 30in x 1.5in - Double Live Edges,63.0,33.0,4.0,75.0
845360,Saman - 5Ftx36inx1.5in - Double Live Edge,63.0,39.0,4.0,88.0
845361,Saman - 5Ft x 36in x 1.5in - Double Live Edges,63.0,39.0,4.0,88.0
846251,Saman - 6Ft x 25in x 1.5in - Double Straight Edges,73.0,27.0,4.0,77.0
846300,Saman - 6Ftx30inx1.5in - Double Live Edge,73.0,33.0,4.0,88.0
846301,Saman - 6Ftx30inx1.5in - Double Live Edge,73.0,33.0,4.0,88.0
846360,Saman - 6Ftx36inx1.5in - Double Live Edge,73.0,39.0,4.0,106.0
846361,Saman - 6Ftx36inx1.5in - Double Live Edge,73.0,39.0,4.0,106.0
846391,Saman - 6Ft x 39in x 1.5in - Double Live Edges,73.0,42.0,4.0,115.0
848251,Saman - 8Ft x 25in x 1.5in - Double Straight Edges,97.0,27.0,4.0,112.0
855250,"Sparrow Butcher Block Counter Top - 5'x25""",63.0,27.0,4.0,66.0
855300,"Sparrow Butcher Block Counter Top - 5'x30""",63.0,33.0,4.0,77.0
856250,"Sparrow Butcher Block Counter Top - 6'x25""",73.0,27.0,4.0,77.0
856300,"Sparrow Butcher Block Counter Top - 6'x30""",73.0,33.0,4.0,77.0
863250,Acacia Chevron 3Ftx25inx1.5in,38.0,27.0,3.0,54.0
863251,Acacia Chevron 3Ftx25inx1.5in,38.0,27.0,3.0,54.0
863252,Acacia Chevron 3Ftx25inx1.5in,38.0,27.0,3.0,54.0
864250,Acacia Chevron 4Ftx25inx1.5in,51.0,27.0,4.0,53.0
864251,Acacia Chevron 4Ftx25inx1.5in,51.0,27.0,4.0,53.0
864252,Acacia Chevron 4Ftx25inx1.5in,51.0,27.0,4.0,53.0
864300,Acacia Chevron 4Ftx30inx1.5in,51.0,33.0,4.0,66.0
864301,Acacia Chevron 4Ftx30inx1.5in,51.0,33.0,4.0,66.0
864302,Acacia Chevron 4Ftx30inx1.5in,51.0,33.0,4.0,66.0
865250,Acacia Chevron 5Ftx25inx1.5in,63.0,27.0,4.0,66.0
865251,Acacia Chevron 5Ftx25inx1.5in,63.0,27.0,4.0,66.0
865252,Acacia Chevron 5Ftx25inx1.5in,63.0,27.0,4.0,66.0
865300,Acacia Chevron 5Ftx30inx1.5in,63.0,33.0,4.0,77.0
865301,Acacia Chevron 5Ftx30inx1.5in,63.0,33.0,4.0,77.0
865302,Acacia Chevron 5Ftx30inx1.5in,63.0,33.0,4.0,77.0
866250,Acacia Chevron 6Ftx25inx1.5in,73.0,27.0,4.0,77.0
866251,Acacia Chevron 6Ftx25inx1.5in,73.0,27.0,4.0,77.0
866252,Acacia Chevron 6Ftx25inx1.5in,73.0,27.0,4.0,77.0
866300,Acacia Chevron 6Ftx30inx1.5in,73.0,33.0,4.0,93.0
866301,Acacia Chevron 6Ftx30inx1.5in,73.0,33.0,4.0,93.0
866302,Acacia Chevron 6Ftx30inx1.5in,73.0,33.0,4.0,93.0
868250,Acacia Chevron 8Ftx25inx1.5in,98.0,27.0,4.0,119.0
868251,Acacia Chevron 8Ftx25inx1.5in,98.0,27.0,4.0,119.0
868252,Acacia Chevron 8Ftx25inx1.5in,98.0,27.0,4.0,119.0
900001,Nesto Bed - King,84.0,14.0,9.0,137.0
900031,Nesto Bed - King,84.0,14.0,9.0,137.0
900061,Nesto Bed - King,84.0,14.0,9.0,137.0
900101,Nesto Bed - Queen,87.0,13.0,8.0,117.0
900131,Nesto Bed - Queen,87.0,13.0,8.0,117.0
900161,Nesto Bed - Queen,87.0,13.0,8.0,117.0
900201,Nesto Bed - Full,79.0,14.0,9.0,108.0
900231,Nesto Bed - Full,79.0,14.0,9.0,108.0
900261,Nesto Bed - Full,79.0,14.0,9.0,108.0
900301,Nesto Bed - Twin XL,84.0,15.0,8.0,89.0
900331,Nesto Bed - Twin XL,84.0,15.0,8.0,89.0
900361,Nesto Bed - Twin XL,84.0,15.0,8.0,89.0
901000,Thor Bed - King Size,86.0,12.0,10.0,98.0
901001,Thor Bed Head Board - King size,83.0,12.0,8.0,47.0
901010,Thor Bed - King Size,86.0,12.0,10.0,98.0
901011,Thor Bed Head Board - King Size,83.0,12.0,8.0,47.0
901020,Thor Bed - King Size,86.0,12.0,10.0,98.0
901021,Thor Bed Head Board - King Size,83.0,12.0,8.0,47.0
901030,Thor Bed - King Size,86.0,12.0,10.0,98.0
901031,Thor Bed Head Board - King Size,83.0,12.0,8.0,47.0
901060,Thor Bed - King Size,86.0,12.0,10.0,98.0
901100,Thor Bed - Queen Size,86.0,12.0,10.0,87.0
901101,Thor Bed Head Board - Queen Size,83.0,12.0,8.0,47.0
901110,Thor Bed - Queen Size,86.0,12.0,10.0,87.0
901111,Thor Bed Head Board - Queen Size,83.0,12.0,8.0,47.0
901120,Thor Bed - Queen Size,86.0,12.0,10.0,87.0
901121,Thor Bed Head Board - Queen Size,83.0,12.0,8.0,47.0
901130,Thor Bed - Queen Size,86.0,12.0,10.0,87.0
901131,Thor Bed Head Board - Queen Size,83.0,12.0,8.0,47.0
901160,Thor Bed - Queen Size,86.0,12.0,10.0,87.0
901200,Thor Bed - Full Size,81.0,12.0,10.0,81.0
901201,Thor Bed Head Board - Full Size,0.0,0.0,0.0,0.0
901210,Thor Bed - Full Size,81.0,12.0,10.0,81.0
901211,Thor Bed Head Board - Full Size,0.0,0.0,0.0,0.0
901220,Thor Bed - Full Size,81.0,12.0,10.0,81.0
901221,Thor Bed Head Board - Full Size,0.0,0.0,0.0,0.0
901230,Thor Bed - Full Size,81.0,12.0,10.0,81.0
901231,Thor Bed Head Board - Full Size,0.0,0.0,0.0,0.0
901260,Thor Bed - Full Size,81.0,12.0,10.0,81.0
901300,Thor Bed - Twin XL,87.0,16.0,7.0,72.0
901301,Thor Bed Head Board - Twin XL,87.0,12.0,10.0,0.0
901310,Thor Bed - Twin XL,87.0,16.0,7.0,72.0
901311,Thor Bed Head Board - Twin XL,0.0,0.0,0.0,0.0
901320,Thor Bed - Twin XL,87.0,16.0,7.0,72.0
901321,Thor Bed Head Board - Twin XL,0.0,0.0,0.0,0.0
901330,Thor Bed - Twin XL,87.0,16.0,7.0,72.0
901331,Thor Bed Head Board - Twin XL,0.0,0.0,0.0,0.0
901360,Thor Bed - Twin XL,87.0,16.0,7.0,72.0
902001,Loki Bed - King Size,85.0,13.0,9.0,130.0
902011,Loki Bed - King Size,85.0,13.0,9.0,130.0
902031,Loki Bed - King Size,85.0,13.0,9.0,130.0
902041,Loki Bed - King Size,85.0,13.0,9.0,130.0
902101,Loki Bed - Queen Size,83.0,13.0,10.0,126.0
902111,Loki Bed - Queen Size,84.0,13.0,9.0,126.0
902131,Loki Bed - Queen Size,83.0,13.0,10.0,126.0
902141,Loki Bed - Queen Size,83.0,13.0,10.0,126.0
902201,Loki Bed - Full Size,83.0,13.0,10.0,113.0
902211,Loki Bed - Full Size,78.0,13.0,9.0,113.0
902231,Loki Bed - Full Size,83.0,13.0,10.0,113.0
902241,Loki Bed - Full Size,83.0,13.0,10.0,113.0
902301,Loki Bed - Twin XL Size,84.0,14.0,8.0,95.0
902311,Loki Bed - Twin XL Size,83.0,14.0,8.0,95.0
902331,Loki Bed - Twin XL Size,84.0,14.0,8.0,95.0
902341,Loki Bed - Twin XL Size,84.0,14.0,8.0,95.0
903001,Apollo Bed - King Size,84.0,11.0,12.0,132.0
903031,Apollo Bed - King Size,84.0,11.0,12.0,132.0
903061,Apollo Bed - King Size,84.0,11.0,12.0,132.0
903101,Apollo Bed - Queen Size,84.0,11.0,12.0,115.0
903131,Apollo Bed - Queen Size,84.0,11.0,12.0,115.0
903161,Apollo Bed - Queen Size,84.0,11.0,12.0,115.0
903201,Apollo Bed - Full Size,79.0,12.0,13.0,104.0
903231,Apollo Bed - Full Size,79.0,12.0,13.0,104.0
903261,Apollo Bed - Full Size,79.0,12.0,13.0,104.0
903301,Apollo Bed - Twin XL Size,84.0,12.0,11.0,87.0
903331,Apollo Bed - Twin XL Size,84.0,12.0,11.0,87.0
903361,Apollo Bed - Twin XL Size,84.0,12.0,11.0,87.0
904021,Williams Bed - King Size,84.0,11.0,12.0,110.0
905001,Solid Wood Canyon Bed,0.0,0.0,0.0,0.0
906031,Freya King Size,83.0,14.0,8.0,132.0
906131,Freya Queen Size,0.0,0.0,0.0,0.0
906231,Freya Full Size,0.0,0.0,0.0,0.0
906331,Freya Twin XL Size,0.0,0.0,0.0,0.0
907000,Noah Bed Chamfer Leg - King,87.0,11.0,10.0,96.0
907010,Noah Bed Chamfer Leg - King,87.0,11.0,10.0,96.0
907030,Noah Bed Chamfer Leg - King,87.0,11.0,10.0,96.0
907060,Noah Bed Chamfer Leg - King,87.0,11.0,10.0,96.0
907100,Noah Bed Chamfer Leg - Queen,87.0,11.0,10.0,83.0
907110,Noah Bed Chamfer Leg Queen,87.0,11.0,10.0,83.0
907130,Noah Bed Chamfer Leg - Queen,87.0,11.0,10.0,83.0
907160,Noah Bed Chamfer Leg - Queen,87.0,11.0,10.0,83.0
907200,Noah Bed Chamfer Leg - Full,82.0,12.0,10.0,78.0
907210,Noah Bed Chamfer Leg - Full,82.0,12.0,10.0,78.0
907230,Noah Bed Chamfer Leg - Full,82.0,12.0,10.0,78.0
907260,Noah Bed Chamfer Leg - Full,82.0,12.0,10.0,78.0
907300,Noah Bed Chamfer Leg - Twin XL,88.0,12.0,8.0,68.0
907310,Noah Bed Chamfer Leg - Twin XL,88.0,12.0,8.0,68.0
907330,Noah Bed Chamfer Leg - Twin XL,88.0,12.0,8.0,68.0
907360,Noah Bed Chamfer Leg - Twin XL,88.0,12.0,8.0,68.0
910000,Thor WF - King,86.0,12.0,10.0,98.0
910030,Thor WF - King,86.0,12.0,10.0,98.0
910040,Thor WF - King,86.0,12.0,10.0,98.0
910100,Thor WF - Queen,86.0,12.0,10.0,87.0
910130,Thor WF - Queen,86.0,12.0,10.0,87.0
910140,Thor WF - Queen,86.0,12.0,10.0,87.0
910200,Thor WF - Full,81.0,12.0,10.0,81.0
910230,Thor WF - Full,81.0,12.0,10.0,81.0
910240,Thor WF - Full,81.0,12.0,10.0,81.0
911001,Thor with HB Chamfer Leg - King,88.0,16.0,14.0,146.0
911031,Thor with HB Chamfer Leg - King,88.0,16.0,14.0,146.0
911101,Thor with HB Chamfer Leg - Queen,88.0,16.0,14.0,139.0
911131,Thor with HB Chamfer Leg - Queen,88.0,16.0,14.0,139.0
911201,Thor with HB Chamfer Leg - Full,88.0,16.0,14.0,139.0
911231,Thor with HB Chamfer Leg - Full,88.0,16.0,14.0,139.0
912001,Thor with HB Curved Leg - King,88.0,16.0,14.0,146.0
912031,Thor with HB Curved Leg - King,88.0,16.0,14.0,146.0
912101,Thor with HB Curved Leg - Queen,88.0,16.0,14.0,139.0
912131,Thor with HB Curved Leg - Queen,88.0,16.0,14.0,139.0
913001,Noad Bed with Headboard,0.0,0.0,0.0,0.0
914001,Noah Bed with HB Curved Leg - King,88.0,16.0,14.0,146.0
914031,Noah Bed with HB Curved Leg - King,88.0,16.0,14.0,146.0
914101,Noah Bed with HB Curved Leg - Queen,88.0,16.0,14.0,141.0
914131,Noah Bed with HB Curved Leg - Queen,88.0,16.0,14.0,141.0
914201,Noah Bed with HB Curved Leg - Full,88.0,23.0,8.0,141.0
914231,Noah Bed with HB Curved Leg - Full,88.0,23.0,8.0,141.0
916001,Loki Chevron Headboard - King,86.0,22.0,11.0,130.0
916031,Loki Chevron Headboard - King,86.0,22.0,11.0,130.0
916101,Loki Chevron Headboard - Queen,83.0,22.0,11.0,126.0
916131,Loki Chevron Headboard - Queen,83.0,22.0,11.0,126.0
916201,Loki Chevron Headboard - Full,83.0,14.0,8.0,95.0
916231,Loki Chevron Headboard - Full,84.0,14.0,8.0,95.0
